<?xml version="1.0" encoding="UTF-8"?>
<root>
  <item name="net.nueca.imonggosdk.tools.NotificationTools void postNotification(android.content.Context, int, int, java.lang.String, java.lang.String) 2">
    <annotation name="android.support.annotation.DrawableRes" />
  </item>
  <item name="net.nueca.imonggosdk.tools.NotificationTools void postNotification(android.content.Context, int, int, java.lang.String, java.lang.String, android.app.PendingIntent) 2">
    <annotation name="android.support.annotation.DrawableRes" />
  </item>
  <item name="net.nueca.imonggosdk.tools.NotificationTools void postNotification(android.content.Context, int, int, java.lang.String, java.lang.String, android.app.PendingIntent, android.app.PendingIntent) 2">
    <annotation name="android.support.annotation.DrawableRes" />
  </item>
</root>

